PumpTower001	10000
PumpTower002	20000
PumpTower003	30000
PumpTower004	40000
PumpTower005	50000
PumpTower006	60000
PumpTower007	70000
PumpTower008	80000
PumpTower009	90000
PumpTower010	100000
PumpTower011	110000
PumpTower012	120000
PumpTower013	130000
PumpTower014	140000
PumpTower015	150000
PumpTower016	160000
PumpTower017	170000
PumpTower018	180000
PumpTower019	190000
PumpTower020	200000
PumpTower021	210000
PumpTower022	220000
PumpTower023	230000
PumpTower024	240000
PumpTower025	250000
PumpTower026	260000
PumpTower027	270000
PumpTower028	280000
PumpTower029	290000
PumpTower030	300000
PumpTower031	310000
PumpTower032	320000
PumpTower033	330000
PumpTower034	340000
PumpTower035	350000
PumpTower036	360000
PumpTower037	370000
PumpTower038	380000
PumpTower039	390000
PumpTower040	400000
PumpTower041	410000
PumpTower042	420000
PumpTower043	430000
PumpTower044	440000
PumpTower045	450000
PumpTower046	460000
PumpTower047	470000
PumpTower048	480000
PumpTower049	490000
PumpTower050	500000
PumpTower051	510000
PumpTower052	520000
PumpTower053	530000
PumpTower054	540000
PumpTower055	550000
PumpTower056	560000
PumpTower057	570000
PumpTower058	580000
PumpTower059	590000
PumpTower060	600000
PumpTower061	610000
PumpTower062	620000
PumpTower063	630000
PumpTower064	640000
PumpTower065	650000
PumpTower066	660000
PumpTower067	670000
PumpTower068	680000
PumpTower069	690000
PumpTower070	700000
PumpTower071	710000
PumpTower072	720000
PumpTower073	730000
PumpTower074	740000
PumpTower075	750000
PumpTower076	760000
PumpTower077	770000
PumpTower078	780000
PumpTower079	790000
PumpTower080	800000
PumpTower081	810000
PumpTower082	820000
PumpTower083	830000
PumpTower084	840000
PumpTower085	850000
PumpTower086	860000
PumpTower087	870000
PumpTower088	880000
PumpTower089	890000
PumpTower090	900000
PumpTower091	910000
PumpTower092	920000
PumpTower093	930000
PumpTower094	940000
PumpTower095	950000
PumpTower096	960000
PumpTower097	970000
PumpTower098	980000
PumpTower099	990000
PumpTower100	1000000
PumpTower101	1010000
PumpTower102	1020000
PumpTower103	1030000
PumpTower104	1040000
PumpTower105	1050000
PumpTower106	1060000
PumpTower107	1070000
PumpTower108	1080000
PumpTower109	1090000
PumpTower110	1100000
PumpTower111	1110000
PumpTower112	1120000
END_OF_SCHEDULE
